Dataset,Source,Date Range,Variables,Purpose,Accuracy,Last Updated,Source URL
Inflation Data,Kaggle (FRED Data),1947–2023,"Date, Value (in Billions)",Track inflation trends over time for economic analysis videos.,"High — official Federal Reserve data, updated monthly. Kaggle mirrors FRED, 1–2 month delay.",October 2025,https://fred.stlouisfed.org
Interest Expense on Public Debt,Treasury.gov,2010–2025,"Month, Expense, Year-to-Date Expense",Show growth of U.S. government interest expenses to highlight rising debt costs.,"Very high — official Treasury reporting, monthly updates.",October 2025,https://fiscaldata.treasury.gov/
Average Treasury Interest Rates,Treasury.gov,2001–2025,"Date, Average Interest Rate (%)",Analyze relationship between interest rates and federal debt burden.,"High — official Fiscal Data source, updated monthly.",October 2025,https://fiscaldata.treasury.gov/datasets/average-interest-rates-on-us-treasury-securities
FRED Interest Payments,Federal Reserve Economic Data (FRED),1947–2025,"Date, Value (Billions), Quarter",Examine historical changes in interest payment trends for long-term perspective.,"High — official FRED dataset, quarterly updates.",October 2025,https://fred.stlouisfed.org
Government Receipts and Expenditures,BEA.gov,"Varies (Quarterly, 1950–Present)","Receipts, Expenditures, GDP Components",Provide macroeconomic context for fiscal policy and growth discussions.,"High — official Bureau of Economic Analysis data, quarterly updates.",October 2025,https://www.bea.gov/data
Cumulative Federal Interest Costs,pgpf.org (Peter G. Peterson Foundation),2019–2025,"Month, Year, Value (Billions)",Visualize recent growth in interest costs for content on fiscal sustainability.,"Moderate — derived from Treasury data, visualization-based aggregation.",October 2025,https://www.pgpf.org/chart-archive
Budget and Economic Data,CBO.gov (Historical Budget Data),1962–Present,"Revenue, Debt, GDP (Billions)",Provide long-term budgetary context for national fiscal trends.,"High — official Congressional Budget Office data, annual updates.",October 2025,https://www.cbo.gov/data/budget-economic-data
Economic Projections,CBO.gov,2000–Present,"Output, Prices, Labor Market, Interest Rates, Income",Support economic forecasting for future-oriented finance videos.,"High — official CBO projections, semiannual updates.",October 2025,https://www.cbo.gov/data/budget-economic-data
Demographic and Long-Term Projections,CBO.gov,2021–Present,"Population, Labor Force, Potential GDP",Support discussions on long-term fiscal sustainability and demographics.,"High — official CBO outlook data, updated every 2 years.",October 2025,https://www.cbo.gov/data/budget-economic-data
